Workbook
Name Slicer_Date: #N/A
Name Slicer_Shop_name: #N/A

Sheet Daily Records
A1: Date | B1: Shop ID | C1: Shop name | D1: Product ID | E1: Product name | F1: Product Price | G1: Category | H1: Available | I1: Sold units | J1: Sent to outlet | K1: Stale | L1: Sales Revenue | M1: Stock Difference
A2: 46266 | B2: 0864 | C2: Southampton, 381 Bitterne | D2: P001 | E2: Sausage roll | F2: =VLOOKUP(D2,ProductPrices[#All],3,FALSE) -> 1.35 | G2: Savouries | H2: 121 | I2: 113 | J2: 5 | K2: 3 | L2: =F2*I2 -> 152.55 | M2: =H2-I2-J2-K2 -> 0
A3: 46266 | B3: 0864 | C3: Southampton, 381 Bitterne | D3: P002 | E3: Vegan roll | F3: =VLOOKUP(D3,ProductPrices[#All],3,FALSE) -> 1.35 | G3: Savouries | H3: 26 | I3: 25 | J3: 1 | K3: 0 | L3: =F3*I3 -> 33.75 | M3: =H3-I3-J3-K3 -> 0
A4: 46266 | B4: 0864 | C4: Southampton, 381 Bitterne | D4: P003 | E4: Pepperoni pizza | F4: =VLOOKUP(D4,ProductPrices[#All],3,FALSE) -> 2.5 | G4: Savouries | H4: 26 | I4: 25 | J4: 0 | K4: 1 | L4: =F4*I4 -> 62.5 | M4: =H4-I4-J4-K4 -> 0
A5: 46266 | B5: 0864 | C5: Southampton, 381 Bitterne | D5: P004 | E5: Steak bake | F5: =VLOOKUP(D5,ProductPrices[#All],3,FALSE) -> 2.25 | G5: Savouries | H5: 26 | I5: 23 | J5: 2 | K5: 1 | L5: =F5*I5 -> 51.75 | M5: =H5-I5-J5-K5 -> 0
A6: 46266 | B6: 0864 | C6: Southampton, 381 Bitterne | D6: P005 | E6: Steak and Stilton bake | F6: =VLOOKUP(D6,ProductPrices[#All],3,FALSE) -> 2.5 | G6: Savouries | H6: 26 | I6: 24 | J6: 2 | K6: 0 | L6: =F6*I6 -> 60 | M6: =H6-I6-J6-K6 -> 0
A7: 46266 | B7: 0864 | C7: Southampton, 381 Bitterne | D7: P006 | E7: Sausage, bean and cheese bake | F7: =VLOOKUP(D7,ProductPrices[#All],3,FALSE) -> 2.2 | G7: Savouries | H7: 26 | I7: 24 | J7: 2 | K7: 0 | L7: =F7*I7 -> 52.8 | M7: =H7-I7-J7-K7 -> 0
A8: 46266 | B8: 0864 | C8: Southampton, 381 Bitterne | D8: P007 | E8: Cheese and onion bake | F8: =VLOOKUP(D8,ProductPrices[#All],3,FALSE) -> 2.1 | G8: Savouries | H8: 26 | I8: 24 | J8: 1 | K8: 1 | L8: =F8*I8 -> 50.4 | M8: =H8-I8-J8-K8 -> 0
A9: 46266 | B9: 0864 | C9: Southampton, 381 Bitterne | D9: P008 | E9: Apple Danish | F9: =VLOOKUP(D9,ProductPrices[#All],3,FALSE) -> 1.5 | G9: Cakes and sweet treats | H9: 9 | I9: 7 | J9: 2 | K9: 0 | L9: =F9*I9 -> 10.5 | M9: =H9-I9-J9-K9 -> 0
A10: 46266 | B10: 0864 | C10: Southampton, 381 Bitterne | D10: P009 | E10: Belgian bun | F10: =VLOOKUP(D10,ProductPrices[#All],3,FALSE) -> 1.45 | G10: Cakes and sweet treats | H10: 8 | I10: 8 | J10: 0 | K10: 0 | L10: =F10*I10 -> 11.6 | M10: =H10-I10-J10-K10 -> 0
A11: 46266 | B11: 0864 | C11: Southampton, 381 Bitterne | D11: P010 | E11: Sugar strand doughnut | F11: =VLOOKUP(D11,ProductPrices[#All],3,FALSE) -> 1.3 | G11: Cakes and sweet treats | H11: 4 | I11: 4 | J11: 0 | K11: 0 | L11: =F11*I11 -> 5.2 | M11: =H11-I11-J11-K11 -> 0
A12: 46266 | B12: 0864 | C12: Southampton, 381 Bitterne | D12: P011 | E12: Jam doughnut | F12: =VLOOKUP(D12,ProductPrices[#All],3,FALSE) -> 1.4 | G12: Cakes and sweet treats | H12: 9 | I12: 7 | J12: 2 | K12: 0 | L12: =F12*I12 -> 9.8 | M12: =H12-I12-J12-K12 -> 0
A13: 46266 | B13: 0864 | C13: Southampton, 381 Bitterne | D13: P012 | E13: Cream eclair | F13: =VLOOKUP(D13,ProductPrices[#All],3,FALSE) -> 1.6 | G13: Cakes and sweet treats | H13: 7 | I13: 6 | J13: 1 | K13: 0 | L13: =F13*I13 -> 9.6 | M13: =H13-I13-J13-K13 -> 0
... A17832: 46295 | B17832: 5789 | C17832: Eastleigh, 41 Market St | D17832: P029 | E17832: Cappuccino | F17832: =VLOOKUP(D17832,ProductPrices[#All],3,FALSE) -> 2.25 | G17832: Hot drinks | H17832: 23 | I17832: 23 | J17832: 0 | K17832: 0 | L17832: =F17832*I17832 -> 51.75 | M17832: =H17832-I17832-J17832-K17832 -> 0
A17833: 46295 | B17833: 5789 | C17833: Eastleigh, 41 Market St | D17833: P030 | E17833: Ribena | F17833: =VLOOKUP(D17833,ProductPrices[#All],3,FALSE) -> 1.9 | G17833: Cold drinks | H17833: 18 | I17833: 9 | J17833: 0 | K17833: 0 | L17833: =F17833*I17833 -> 17.1 | M17833: =H17833-I17833-J17833-K17833 -> 9
A17834: 46295 | B17834: 5789 | C17834: Eastleigh, 41 Market St | D17834: P031 | E17834: Coke Zero | F17834: =VLOOKUP(D17834,ProductPrices[#All],3,FALSE) -> 1.9 | G17834: Cold drinks | H17834: 31 | I17834: 7 | J17834: 0 | K17834: 0 | L17834: =F17834*I17834 -> 13.3 | M17834: =H17834-I17834-J17834-K17834 -> 24
A17835: 46295 | B17835: 5789 | C17835: Eastleigh, 41 Market St | D17835: P032 | E17835: Coke Original | F17835: =VLOOKUP(D17835,ProductPrices[#All],3,FALSE) -> 2.05 | G17835: Cold drinks | H17835: 28 | I17835: 3 | J17835: 0 | K17835: 0 | L17835: =F17835*I17835 -> 6.15 | M17835: =H17835-I17835-J17835-K17835 -> 25
A17836: 46295 | B17836: 5789 | C17836: Eastleigh, 41 Market St | D17836: P033 | E17836: Red Bull | F17836: =VLOOKUP(D17836,ProductPrices[#All],3,FALSE) -> 1.95 | G17836: Cold drinks | H17836: 30 | I17836: 5 | J17836: 0 | K17836: 0 | L17836: =F17836*I17836 -> 9.75 | M17836: =H17836-I17836-J17836-K17836 -> 25
A17837: 46295 | B17837: 5789 | C17837: Eastleigh, 41 Market St | D17837: P034 | E17837: Capri-Sun | F17837: =VLOOKUP(D17837,ProductPrices[#All],3,FALSE) -> 1.55 | G17837: Cold drinks | H17837: 25 | I17837: 13 | J17837: 0 | K17837: 0 | L17837: =F17837*I17837 -> 20.15 | M17837: =H17837-I17837-J17837-K17837 -> 12
A17838: 46295 | B17838: 5789 | C17838: Eastleigh, 41 Market St | D17838: P035 | E17838: Orange juice | F17838: =VLOOKUP(D17838,ProductPrices[#All],3,FALSE) -> 2 | G17838: Cold drinks | H17838: 18 | I17838: 13 | J17838: 0 | K17838: 0 | L17838: =F17838*I17838 -> 26 | M17838: =H17838-I17838-J17838-K17838 -> 5
A17839: 46295 | B17839: 5789 | C17839: Eastleigh, 41 Market St | D17839: P036 | E17839: Apple juice | F17839: =VLOOKUP(D17839,ProductPrices[#All],3,FALSE) -> 2 | G17839: Cold drinks | H17839: 15 | I17839: 2 | J17839: 0 | K17839: 0 | L17839: =F17839*I17839 -> 4 | M17839: =H17839-I17839-J17839-K17839 -> 13
A17840: 46295 | B17840: 5789 | C17840: Eastleigh, 41 Market St | D17840: P037 | E17840: Ham and cheese baguette | F17840: =VLOOKUP(D17840,ProductPrices[#All],3,FALSE) -> 3.7 | G17840: Sandwiches | H17840: 13 | I17840: 10 | J17840: 3 | K17840: 0 | L17840: =F17840*I17840 -> 37 | M17840: =H17840-I17840-J17840-K17840 -> 0
A17841: 46295 | B17841: 5789 | C17841: Eastleigh, 41 Market St | D17841: P038 | E17841: Chicken and bacon club baguette | F17841: =VLOOKUP(D17841,ProductPrices[#All],3,FALSE) -> 3.7 | G17841: Sandwiches | H17841: 14 | I17841: 7 | J17841: 0 | K17841: 7 | L17841: =F17841*I17841 -> 25.9 | M17841: =H17841-I17841-J17841-K17841 -> 0
A17842: 46295 | B17842: 5789 | C17842: Eastleigh, 41 Market St | D17842: P039 | E17842: Tuna crunch baguette | F17842: =VLOOKUP(D17842,ProductPrices[#All],3,FALSE) -> 3.7 | G17842: Sandwiches | H17842: 10 | I17842: 6 | J17842: 1 | K17842: 3 | L17842: =F17842*I17842 -> 22.2 | M17842: =H17842-I17842-J17842-K17842 -> 0
A17843: 46295 | B17843: 5789 | C17843: Eastleigh, 41 Market St | D17843: P040 | E17843: Cheese salad baguette | F17843: =VLOOKUP(D17843,ProductPrices[#All],3,FALSE) -> 3.6 | G17843: Sandwiches | H17843: 14 | I17843: 11 | J17843: 2 | K17843: 1 | L17843: =F17843*I17843 -> 39.6 | M17843: =H17843-I17843-J17843-K17843 -> 0
A17844: 46295 | B17844: 5789 | C17844: Eastleigh, 41 Market St | D17844: P041 | E17844: Ready salted crisps | F17844: =VLOOKUP(D17844,ProductPrices[#All],3,FALSE) -> 1.25 | G17844: Crisps | H17844: 24 | I17844: 6 | J17844: 0 | K17844: 0 | L17844: =F17844*I17844 -> 7.5 | M17844: =H17844-I17844-J17844-K17844 -> 18
A17845: 46295 | B17845: 5789 | C17845: Eastleigh, 41 Market St | D17845: P042 | E17845: Sweet Thai chilli crisps | F17845: =VLOOKUP(D17845,ProductPrices[#All],3,FALSE) -> 1.25 | G17845: Crisps | H17845: 24 | I17845: 9 | J17845: 0 | K17845: 0 | L17845: =F17845*I17845 -> 11.25 | M17845: =H17845-I17845-J17845-K17845 -> 15
A17846: 46295 | B17846: 5789 | C17846: Eastleigh, 41 Market St | D17846: P043 | E17846: Cheese Quavers | F17846: =VLOOKUP(D17846,ProductPrices[#All],3,FALSE) -> 1.25 | G17846: Crisps | H17846: 31 | I17846: 15 | J17846: 0 | K17846: 0 | L17846: =F17846*I17846 -> 18.75 | M17846: =H17846-I17846-J17846-K17846 -> 16
... A18061: 46295 | B18061: 6266 | C18061: Hedge End, R1 Hedge End TP, Tollbar | D18061: P043 | E18061: Cheese Quavers | F18061: =VLOOKUP(D18061,ProductPrices[#All],3,FALSE) -> 1.25 | G18061: Crisps | H18061: 23 | I18061: 16 | J18061: 0 | K18061: 0 | L18061: =F18061*I18061 -> 20 | M18061: =H18061-I18061-J18061-K18061 -> 7
A18062: Total | M18062: =SUBTOTAL(109,DailyRecords[Stock Difference]) -> 53168

Sheet Products
A1: Product ID | B1: Product name | C1: Price (£)
A2: P001 | B2: Sausage roll | C2: 1.35
A3: P002 | B3: Vegan roll | C3: 1.35
A4: P003 | B4: Pepperoni pizza | C4: 2.5
A5: P004 | B5: Steak bake | C5: 2.25
A6: P005 | B6: Steak and Stilton bake | C6: 2.5
A7: P006 | B7: Sausage, bean and cheese bake | C7: 2.2
A8: P007 | B8: Cheese and onion bake | C8: 2.1
A9: P008 | B9: Apple Danish | C9: 1.5
A10: P009 | B10: Belgian bun | C10: 1.45
A11: P010 | B11: Sugar strand doughnut | C11: 1.3
A12: P011 | B12: Jam doughnut | C12: 1.4
A13: P012 | B13: Cream eclair | C13: 1.6
... A44: P043 | B44: Cheese Quavers | C44: 1.25

Sheet Total Products Revenue
A1: Product Summary | B1: Total Revenue
A2: Sausage roll | B2: =SUMIF('Daily Records'!E:E, A2, 'Daily Records'!L:L) -> 73932.75
A3: Vegan roll | B3: =SUMIF('Daily Records'!E:E, A3, 'Daily Records'!L:L) -> 15990.75
A4: Pepperoni pizza | B4: =SUMIF('Daily Records'!E:E, A4, 'Daily Records'!L:L) -> 29547.5
A5: Steak bake | B5: =SUMIF('Daily Records'!E:E, A5, 'Daily Records'!L:L) -> 26615.25
A6: Steak and Stilton bake | B6: =SUMIF('Daily Records'!E:E, A6, 'Daily Records'!L:L) -> 29607.5
A7: Sausage, bean and cheese bake | B7: =SUMIF('Daily Records'!E:E, A7, 'Daily Records'!L:L) -> 26023.8
A8: Cheese and onion bake | B8: =SUMIF('Daily Records'!E:E, A8, 'Daily Records'!L:L) -> 24878.7
A9: Apple Danish | B9: =SUMIF('Daily Records'!E:E, A9, 'Daily Records'!L:L) -> 4618.5
A10: Belgian bun | B10: =SUMIF('Daily Records'!E:E, A10, 'Daily Records'!L:L) -> 4203.55
A11: Sugar strand doughnut | B11: =SUMIF('Daily Records'!E:E, A11, 'Daily Records'!L:L) -> 3851.9
A12: Jam doughnut | B12: =SUMIF('Daily Records'!E:E, A12, 'Daily Records'!L:L) -> 3966.2
A13: Cream eclair | B13: =SUMIF('Daily Records'!E:E, A13, 'Daily Records'!L:L) -> 4726.4
... A44: Cheese Quavers | B44: =SUMIF('Daily Records'!E:E, A44, 'Daily Records'!L:L) -> 4803.75

Sheet Total Shop Revenue
A1: Total Revenue by Shop - September 2026
A3: Row Labels | B3: Sum of Sales Revenue
A4: Greggs @ Tesco Southampton | B4: 1827.1
A5: Hedge End, R1 Hedge End TP, Tollbar | B5: 2796.95
A6: Outlet Southampton, 453 Millbrook | B6: 434.1
A7: Outlet Woolston, U4, 33 Victoria R | B7: 365.55
A8: Shirley, 45 High St | B8: 1029.95
A9: Southampton, 101 Above Bar St | B9: 743.6
A10: Southampton, 381 Bitterne | B10: 1328.45
A11: Southampton, 51 Above Bar St | B11: 1268.3
A12: Southampton, 8 East St | B12: 849.1
A13: Southampton, Adanac Pk Drive Thru | B13: 2414.85
A14: Southampton, Hedge End, 3 Lwr North | B14: 1664
A15: Southampton, Totton, U15 Totton SC | B15: 814.15
... A17: Grand Total | B17: 17466.7

Sheet Stale by Shop
A1: Stale Products by Shop - September 2026
A2: Date | B2: 46266
A3: Product name | B3: Pepperoni pizza
A5: Row Labels | B5: Sum of Stale
A6: Eastleigh, 41 Market St | B6: 0
A7: Greggs @ Tesco Southampton | B7: 1
A8: Hedge End, R1 Hedge End TP, Tollbar | B8: 1
A9: Outlet Southampton, 453 Millbrook | B9: 0
A10: Outlet Woolston, U4, 33 Victoria R | B10: 0
A11: Shirley, 45 High St | B11: 1
A12: Southampton, 101 Above Bar St | B12: 1
A13: Southampton, 381 Bitterne | B13: 1
A14: Southampton, 51 Above Bar St | B14: 1
A15: Southampton, 8 East St | B15: 0
A16: Southampton, Adanac Pk Drive Thru | B16: 0
A17: Southampton, Hedge End, 3 Lwr North | B17: 1
... A20: Grand Total | B20: 8
